Workbook

Sheet Registro Diario
A1: REGISTRO DIARIO DE LEADS - Cirugia Estetica
A2: Completar una fila por cada mensaje recibido. Actualizar estado cuando avance el lead.
A3: Fecha | B3: Nombre | C3: Telefono | D3: Tratamiento | E3: Fuente | F3: Estado | G3: Turno | H3: Vino? | I3: Cerro? | J3: Monto ARS | K3: Campana | L3: Zona | M3: Msgs Dia | N3: Notas
A65: ESTADOS: | B65: Nuevo | C65: Contactado | D65: Turno agendado | E65: Consulta realizada | F65: Cerrado OK | G65: No respondio | H65: Perdido
A66: FUENTES: | B66: Meta Ads | C66: Organico Instagram | D66: Referido | E66: Google | F66: Otro

Sheet Resumen Mensual
A1: RESUMEN MENSUAL - KPIs de Campana
A2: Datos tomados del Registro Diario automaticamente
A4: KPI | B4: Valor | C4: Referencia
A5: Total mensajes recibidos (sumar col Msgs Dia) | B5: =SUM(B19:B49) | C5: Ingresado manualmente en tabla abajo
A6: Total leads ingresados | B6: =COUNTA('Registro Diario'!B4:B63) | C6: Filas con nombre
A7: Turnos agendados | B7: =COUNTIF('Registro Diario'!F4:F63,"Turno agendado") | C7: Estado=Turno agendado
A8: Consultas realizadas | B8: =COUNTIF('Registro Diario'!H4:H63,"Si") | C8: Col Vino=Si
A9: Tratamientos cerrados | B9: =COUNTIF('Registro Diario'!I4:I63,"Si") | C9: Col Cerro=Si
A10: No respondieron/perdidos | B10: =COUNTIF('Registro Diario'!F4:F63,"No respondio")+COUNTIF('Registro Diario'!F4:F63,"Perdido") | C10: Estados negativos
A11: Facturacion total ARS | B11: =SUM('Registro Diario'!J4:J63) | C11: Suma col Monto
A12: Ticket promedio ARS | B12: =IFERROR(B11/B9,0) | C12: Facturacion/Cierres
A13: % Lead a turno | B13: =IFERROR(B7/B6,0) | C13: Turnos/Leads
A14: % Turno a cierre | B14: =IFERROR(B9/B7,0) | C14: Cierres/Turnos
A15: % Lead a cierre | B15: =IFERROR(B9/B6,0) | C15: Cierres/Leads
A17: MENSAJES POR DIA - Ingresar manualmente cada dia
A18: Fecha | B18: Mensajes del dia | C18: Leads ingresados
A50: TOTAL DEL MES | B50: =SUM(B19:B49) | C50: =SUM(C19:C49)

Sheet Por Campana
A1: ANALISIS POR CAMPANA - ROI y Conversion
A3: Campana | B3: Gasto Meta ARS/mes | C3: Leads | D3: Cierres | E3: Facturacion ARS | F3: Costo x Lead ARS | G3: ROI
A4: Implantes Mamarios - CABA/San Isidro | F4: =IFERROR(B4/C4,0) | G4: =IFERROR((E4-B4)/B4,0)
A5: Implantes Mamarios - GBA Sur/Pilar | F5: =IFERROR(B5/C5,0) | G5: =IFERROR((E5-B5)/B5,0)
A6: Medicina Estetica - CABA | F6: =IFERROR(B6/C6,0) | G6: =IFERROR((E6-B6)/B6,0)
A7: Cirugia General | F7: =IFERROR(B7/C7,0) | G7: =IFERROR((E7-B7)/B7,0)
A8: Uruguay - Montevideo | F8: =IFERROR(B8/C8,0) | G8: =IFERROR((E8-B8)/B8,0)
A9: TOTAL | B9: =SUM(B4:B8) | C9: =SUM(C4:C8) | D9: =SUM(D4:D8) | E9: =SUM(E4:E8) | F9: =IFERROR(B9/C9,0) | G9: =IFERROR((E9-B9)/B9,0)
A11: Completar columnas B,C,D,E con datos reales. Las formulas calculan Costo x Lead y ROI automaticamente.
